item,itemLabel,country_of_citizenshipLabel,linkcount,date_of_birth,place_of_birth,place_of_birthLabel,field_of_workLabel,date_of_death
http://www.wikidata.org/entity/Q438248,Marisol Escobar,United States of America,18,1930-05-22T00:00:00Z,http://www.wikidata.org/entity/Q90,Paris,,2016-04-30T00:00:00Z
http://www.wikidata.org/entity/Q437123,Shelley Jackson,United States of America,7,1963-01-01T00:00:00Z,http://www.wikidata.org/entity/Q928,Philippines,,
http://www.wikidata.org/entity/Q433566,Eva Watson-Schütze,United States of America,6,1867-01-01T00:00:00Z,http://www.wikidata.org/entity/Q26339,Jersey City,,1935-01-01T00:00:00Z
http://www.wikidata.org/entity/Q437443,Alicia Rhett,United States of America,24,1915-02-01T00:00:00Z,http://www.wikidata.org/entity/Q83813,Savannah,,2014-01-03T00:00:00Z
http://www.wikidata.org/entity/Q431705,Lilla Cabot Perry,United States of America,15,1848-01-13T00:00:00Z,http://www.wikidata.org/entity/Q100,Boston,poetry,1933-02-28T00:00:00Z
http://www.wikidata.org/entity/Q437729,Cady Noland,United States of America,5,1956-01-01T00:00:00Z,http://www.wikidata.org/entity/Q61,"Washington, D.C.",,
http://www.wikidata.org/entity/Q435791,Betty Parsons,United States of America,8,1900-01-31T00:00:00Z,http://www.wikidata.org/entity/Q60,New York City,,1982-07-23T00:00:00Z
http://www.wikidata.org/entity/Q438248,Marisol Escobar,Venezuela,18,1930-05-22T00:00:00Z,http://www.wikidata.org/entity/Q90,Paris,,2016-04-30T00:00:00Z
http://www.wikidata.org/entity/Q434365,Anna Elizabeth Klumpke,United States of America,12,1856-10-28T00:00:00Z,http://www.wikidata.org/entity/Q62,San Francisco,,1942-02-09T00:00:00Z
http://www.wikidata.org/entity/Q434943,Kathleen Brennan,United States of America,10,1950-03-02T00:00:00Z,http://www.wikidata.org/entity/Q1819972,Johnsburg,,
http://www.wikidata.org/entity/Q439920,Suze Rotolo,United States of America,10,1943-11-20T00:00:00Z,http://www.wikidata.org/entity/Q60,New York City,,2011-02-24T00:00:00Z
http://www.wikidata.org/entity/Q439920,Suze Rotolo,United States of America,10,1943-11-20T00:00:00Z,http://www.wikidata.org/entity/Q60,New York City,,2011-02-25T00:00:00Z
http://www.wikidata.org/entity/Q437143,Alice Pike Barney,United States of America,16,1857-01-14T00:00:00Z,http://www.wikidata.org/entity/Q43196,Cincinnati,,1931-07-16T00:00:00Z
http://www.wikidata.org/entity/Q436874,Hedda Sterne,United States of America,8,1910-08-04T00:00:00Z,http://www.wikidata.org/entity/Q19660,Bucharest,,2011-04-08T00:00:00Z
http://www.wikidata.org/entity/Q432921,Jennifer Ketcham,United States of America,19,1983-02-22T00:00:00Z,http://www.wikidata.org/entity/Q49246,Aurora,,
http://www.wikidata.org/entity/Q436782,Susan Rothenberg,United States of America,8,1945-01-20T00:00:00Z,http://www.wikidata.org/entity/Q40435,Buffalo,art of painting,
http://www.wikidata.org/entity/Q275610,Agnes Martin,United States of America,19,1912-03-22T00:00:00Z,http://www.wikidata.org/entity/Q1915322,Macklin,art of painting,2004-12-16T00:00:00Z
http://www.wikidata.org/entity/Q275607,Ella Guru,United States of America,6,1966-05-24T00:00:00Z,http://www.wikidata.org/entity/Q1397,Ohio,,
http://www.wikidata.org/entity/Q275610,Agnes Martin,Canada,19,1912-03-22T00:00:00Z,http://www.wikidata.org/entity/Q1915322,Macklin,art of painting,2004-12-16T00:00:00Z
http://www.wikidata.org/entity/Q270388,Jenny Holzer,United States of America,15,1950-07-29T00:00:00Z,http://www.wikidata.org/entity/Q176684,Gallipolis,,
http://www.wikidata.org/entity/Q276113,Sarah Morris,United States of America,8,1967-06-20T00:00:00Z,http://www.wikidata.org/entity/Q84,London,,
http://www.wikidata.org/entity/Q289342,Sylvia Sleigh,United Kingdom,5,1916-05-08T00:00:00Z,http://www.wikidata.org/entity/Q996492,Llandudno,,2010-10-24T00:00:00Z
http://www.wikidata.org/entity/Q289342,Sylvia Sleigh,United States of America,5,1916-05-08T00:00:00Z,http://www.wikidata.org/entity/Q996492,Llandudno,,2010-10-24T00:00:00Z
http://www.wikidata.org/entity/Q268604,Rita Coolidge,United States of America,24,1945-05-01T00:00:00Z,http://www.wikidata.org/entity/Q23197,Nashville,,
http://www.wikidata.org/entity/Q264730,Gloria Vanderbilt,United States of America,25,1924-02-20T00:00:00Z,http://www.wikidata.org/entity/Q11299,Manhattan,art of painting,2019-06-17T00:00:00Z
http://www.wikidata.org/entity/Q269677,Paige O'Hara,United States of America,17,1956-05-10T00:00:00Z,http://www.wikidata.org/entity/Q165972,Fort Lauderdale,,
http://www.wikidata.org/entity/Q292092,Sophie B. Hawkins,United States of America,19,1967-11-01T00:00:00Z,http://www.wikidata.org/entity/Q60,New York City,musical composition,
http://www.wikidata.org/entity/Q299662,Carolee Schneemann,United States of America,16,1939-10-12T00:00:00Z,http://www.wikidata.org/entity/Q518920,Fox Chase,,2019-03-06T00:00:00Z
http://www.wikidata.org/entity/Q289342,Sylvia Sleigh,United Kingdom of Great Britain and Ireland,5,1916-05-08T00:00:00Z,http://www.wikidata.org/entity/Q996492,Llandudno,,2010-10-24T00:00:00Z
http://www.wikidata.org/entity/Q273951,Carolyn Cassady,United States of America,8,1923-04-28T00:00:00Z,http://www.wikidata.org/entity/Q28237,Lansing,,2013-09-20T00:00:00Z
http://www.wikidata.org/entity/Q276372,Lee Bontecou,United States of America,8,1931-01-15T00:00:00Z,http://www.wikidata.org/entity/Q18383,Providence,,
http://www.wikidata.org/entity/Q275779,Mona Freeman,United States of America,17,1926-06-09T00:00:00Z,http://www.wikidata.org/entity/Q5092,Baltimore,,2014-05-23T00:00:00Z
http://www.wikidata.org/entity/Q291500,Emma Andijewska,Ukraine,14,1931-03-19T00:00:00Z,http://www.wikidata.org/entity/Q43070,Donetsk,poetry,
http://www.wikidata.org/entity/Q272994,Isabelle Collin Dufresne,United States of America,15,1935-09-06T00:00:00Z,http://www.wikidata.org/entity/Q1017260,La Tronche,,2014-06-14T00:00:00Z
http://www.wikidata.org/entity/Q264730,Gloria Vanderbilt,United States of America,25,1924-02-20T00:00:00Z,http://www.wikidata.org/entity/Q11299,Manhattan,fashion design,2019-06-17T00:00:00Z
http://www.wikidata.org/entity/Q291010,Elizabeth Jane Gardner,United States of America,16,1837-10-04T00:00:00Z,http://www.wikidata.org/entity/Q990504,Exeter,,1922-01-28T00:00:00Z
http://www.wikidata.org/entity/Q291500,Emma Andijewska,United States of America,14,1931-03-19T00:00:00Z,http://www.wikidata.org/entity/Q43070,Donetsk,poetry,
http://www.wikidata.org/entity/Q259096,Anchee Min,United States of America,14,1957-01-14T00:00:00Z,http://www.wikidata.org/entity/Q8686,Shanghai,,
http://www.wikidata.org/entity/Q212879,Kim Novak,United States of America,48,1933-02-13T00:00:00Z,http://www.wikidata.org/entity/Q1297,Chicago,,
http://www.wikidata.org/entity/Q264559,Ariana Richards,United States of America,21,1979-09-11T00:00:00Z,http://www.wikidata.org/entity/Q852598,Healdsburg,oil painting,
http://www.wikidata.org/entity/Q229881,Grace Slick,United States of America,36,1939-10-30T00:00:00Z,http://www.wikidata.org/entity/Q576671,Highland Park,musical composition,
http://www.wikidata.org/entity/Q204804,Beth Hart,United States of America,28,1972-01-24T00:00:00Z,http://www.wikidata.org/entity/Q65,Los Angeles,musical composition,
http://www.wikidata.org/entity/Q262510,Lauren Faust,United States of America,25,1974-07-25T00:00:00Z,http://www.wikidata.org/entity/Q28271,Annapolis,,
http://www.wikidata.org/entity/Q229351,Tamara de Lempicka,United States of America,46,1898-05-16T00:00:00Z,http://www.wikidata.org/entity/Q270,Warsaw,art of painting,1980-03-18T00:00:00Z
http://www.wikidata.org/entity/Q261639,Lori Petty,United States of America,22,1963-10-14T00:00:00Z,http://www.wikidata.org/entity/Q186702,Chattanooga,,
http://www.wikidata.org/entity/Q237959,Lee Krasner,United States of America,24,1908-10-27T00:00:00Z,http://www.wikidata.org/entity/Q18419,Brooklyn,,1984-06-19T00:00:00Z
http://www.wikidata.org/entity/Q262284,Barbara Kruger,United States of America,25,1945-01-26T00:00:00Z,http://www.wikidata.org/entity/Q25395,Newark,photography,
http://www.wikidata.org/entity/Q231082,Mary Blair,United States of America,29,1911-10-21T00:00:00Z,http://www.wikidata.org/entity/Q1994656,McAlester,,1978-07-26T00:00:00Z
http://www.wikidata.org/entity/Q212426,Elizabeth Murray,United States of America,7,1940-09-06T00:00:00Z,http://www.wikidata.org/entity/Q1297,Chicago,,2007-08-12T00:00:00Z
http://www.wikidata.org/entity/Q230173,Kari Byron,United States of America,27,1974-12-18T00:00:00Z,http://www.wikidata.org/entity/Q99,California,,
http://www.wikidata.org/entity/Q254663,Hannah Wilke,United States of America,8,1940-03-07T00:00:00Z,http://www.wikidata.org/entity/Q60,New York City,,1993-01-28T00:00:00Z
http://www.wikidata.org/entity/Q233483,Diamanda Galás,United States of America,21,1955-08-29T00:00:00Z,http://www.wikidata.org/entity/Q16552,San Diego,,
http://www.wikidata.org/entity/Q229351,Tamara de Lempicka,Poland,46,1898-05-16T00:00:00Z,http://www.wikidata.org/entity/Q270,Warsaw,art of painting,1980-03-18T00:00:00Z
http://www.wikidata.org/entity/Q229455,Cindy Sherman,United States of America,34,1954-01-19T00:00:00Z,http://www.wikidata.org/entity/Q1003074,Glen Ridge,photography,
http://www.wikidata.org/entity/Q231841,Meg Cabot,United States of America,30,1967-02-01T00:00:00Z,http://www.wikidata.org/entity/Q490385,Bloomington,,
http://www.wikidata.org/entity/Q260683,Grandma Moses,United States of America,26,1860-09-07T00:00:00Z,http://www.wikidata.org/entity/Q56149,Washington County,,1961-12-13T00:00:00Z
http://www.wikidata.org/entity/Q235281,Helen Frankenthaler,United States of America,24,1928-12-17T00:00:00Z,http://www.wikidata.org/entity/Q60,New York City,,2011-12-27T00:00:00Z
http://www.wikidata.org/entity/Q243117,Hilla von Rebay,United States of America,11,1890-05-31T00:00:00Z,http://www.wikidata.org/entity/Q6602,Strasbourg,,1967-09-27T00:00:00Z
http://www.wikidata.org/entity/Q229455,Cindy Sherman,United States of America,34,1957-01-19T00:00:00Z,http://www.wikidata.org/entity/Q1003074,Glen Ridge,photography,
http://www.wikidata.org/entity/Q235593,Laurel Holloman,United States of America,17,1971-05-23T00:00:00Z,http://www.wikidata.org/entity/Q671812,Chapel Hill,,
http://www.wikidata.org/entity/Q234324,Dorothea Tanning,United States of America,25,1910-08-25T00:00:00Z,http://www.wikidata.org/entity/Q782574,Galesburg,,2012-01-31T00:00:00Z
http://www.wikidata.org/entity/Q117856,Channa Horwitz,United States of America,3,1932-05-21T00:00:00Z,http://www.wikidata.org/entity/Q99,California,,2013-04-29T00:00:00Z
http://www.wikidata.org/entity/Q7531,Louise Nevelson,United States of America,22,1899-09-23T00:00:00Z,http://www.wikidata.org/entity/Q639839,Pereiaslav-Khmelnytskyi,,1988-04-17T00:00:00Z
http://www.wikidata.org/entity/Q173223,Mary Cassatt,United States of America,71,1844-05-22T00:00:00Z,http://www.wikidata.org/entity/Q1752800,Allegheny,art of painting,1926-06-14T00:00:00Z
http://www.wikidata.org/entity/Q117012,Yoko Ono,Japan,78,1933-02-18T00:00:00Z,http://www.wikidata.org/entity/Q1490,Tokyo,,
http://www.wikidata.org/entity/Q531919,Mabel Alvarez,United States of America,8,1891-11-28T00:00:00Z,http://www.wikidata.org/entity/Q131347,Oahu,,1985-03-13T00:00:00Z
http://www.wikidata.org/entity/Q422254,Akiane Kramarik,United States of America,11,1994-07-09T00:00:00Z,http://www.wikidata.org/entity/Q2369711,Mount Morris,poetry,
http://www.wikidata.org/entity/Q532168,Elizabeth Nourse,United States of America,11,1859-10-26T00:00:00Z,http://www.wikidata.org/entity/Q43196,Cincinnati,,1938-10-08T00:00:00Z
http://www.wikidata.org/entity/Q187324,Zelda Fitzgerald,United States of America,35,1900-07-24T00:00:00Z,http://www.wikidata.org/entity/Q29364,Montgomery,poetry,1948-03-10T00:00:00Z
http://www.wikidata.org/entity/Q159409,Louise Bourgeois,United States of America,46,1911-12-25T00:00:00Z,http://www.wikidata.org/entity/Q90,Paris,art of sculpture,2010-05-31T00:00:00Z
http://www.wikidata.org/entity/Q319569,Sherrie Levine,United States of America,6,1947-04-17T00:00:00Z,http://www.wikidata.org/entity/Q1186937,Hazleton,,
http://www.wikidata.org/entity/Q117012,Yoko Ono,United Kingdom,78,1933-02-18T00:00:00Z,http://www.wikidata.org/entity/Q1490,Tokyo,,
http://www.wikidata.org/entity/Q188375,Lucy Liu,United States of America,62,1968-12-02T00:00:00Z,http://www.wikidata.org/entity/Q1145574,Jackson Heights,,
http://www.wikidata.org/entity/Q535581,Grace Hartigan,United States of America,9,1922-03-28T00:00:00Z,http://www.wikidata.org/entity/Q25395,Newark,,2008-11-15T00:00:00Z
http://www.wikidata.org/entity/Q122006,Uta Barth,United States of America,3,1958-01-29T00:00:00Z,http://www.wikidata.org/entity/Q64,Berlin,,
http://www.wikidata.org/entity/Q189407,Gloria Stuart,United States of America,54,1910-07-04T00:00:00Z,http://www.wikidata.org/entity/Q47164,Santa Monica,,2010-09-26T00:00:00Z
http://www.wikidata.org/entity/Q156898,Alma Mahler,Austria,41,1879-08-31T00:00:00Z,http://www.wikidata.org/entity/Q1741,Vienna,performing arts,1964-12-11T00:00:00Z
http://www.wikidata.org/entity/Q55192,Gertrude Abercrombie,United States of America,9,1909-02-17T00:00:00Z,http://www.wikidata.org/entity/Q16559,Austin,Surrealist technique,1977-07-03T00:00:00Z
http://www.wikidata.org/entity/Q394503,Agnes Denes,United States of America,9,1938-05-01T00:00:00Z,http://www.wikidata.org/entity/Q1781,Budapest,,
http://www.wikidata.org/entity/Q325739,Marian Zazeela,United States of America,8,1940-04-15T00:00:00Z,http://www.wikidata.org/entity/Q18426,The Bronx,,
http://www.wikidata.org/entity/Q531919,Mabel Alvarez,Spain,8,1891-11-28T00:00:00Z,http://www.wikidata.org/entity/Q131347,Oahu,,1985-03-13T00:00:00Z
http://www.wikidata.org/entity/Q338559,Dorothy Iannone,United States of America,6,1933-01-01T00:00:00Z,http://www.wikidata.org/entity/Q100,Boston,,
http://www.wikidata.org/entity/Q46408,Georgia O'Keeffe,United States of America,71,1887-11-15T00:00:00Z,http://www.wikidata.org/entity/Q1569489,Sun Prairie,art of painting,1986-03-06T00:00:00Z
http://www.wikidata.org/entity/Q156898,Alma Mahler,United States of America,41,1879-08-31T00:00:00Z,http://www.wikidata.org/entity/Q1741,Vienna,performing arts,1964-12-11T00:00:00Z
http://www.wikidata.org/entity/Q532010,Sarah Miriam Peale,United States of America,8,1800-05-19T00:00:00Z,http://www.wikidata.org/entity/Q1345,Philadelphia,,1885-02-04T00:00:00Z
http://www.wikidata.org/entity/Q55192,Gertrude Abercrombie,United States of America,9,1909-02-17T00:00:00Z,http://www.wikidata.org/entity/Q16559,Austin,illustration,1977-07-03T00:00:00Z
http://www.wikidata.org/entity/Q55192,Gertrude Abercrombie,United States of America,9,1909-02-17T00:00:00Z,http://www.wikidata.org/entity/Q16559,Austin,woodcut technique,1977-07-03T00:00:00Z
http://www.wikidata.org/entity/Q139452,Jessie Willcox Smith,United States of America,12,1863-09-06T00:00:00Z,http://www.wikidata.org/entity/Q1345,Philadelphia,,1935-05-03T00:00:00Z
http://www.wikidata.org/entity/Q7531,Louise Nevelson,Russian Empire,22,1899-09-23T00:00:00Z,http://www.wikidata.org/entity/Q639839,Pereiaslav-Khmelnytskyi,,1988-04-17T00:00:00Z
http://www.wikidata.org/entity/Q115853,Alexandra Nechita,United States of America,12,1985-08-27T00:00:00Z,http://www.wikidata.org/entity/Q192269,Vaslui,,
http://www.wikidata.org/entity/Q56102,Eudoxia Woodward,United States of America,2,1919-06-14T00:00:00Z,http://www.wikidata.org/entity/Q816096,Belmont,,2008-01-20T00:00:00Z
http://www.wikidata.org/entity/Q117012,Yoko Ono,United States of America,78,1933-02-18T00:00:00Z,http://www.wikidata.org/entity/Q1490,Tokyo,,
http://www.wikidata.org/entity/Q159409,Louise Bourgeois,France,46,1911-12-25T00:00:00Z,http://www.wikidata.org/entity/Q90,Paris,art of sculpture,2010-05-31T00:00:00Z
http://www.wikidata.org/entity/Q535472,Neith Nevelson,United States of America,4,1946-07-24T00:00:00Z,http://www.wikidata.org/entity/Q60,New York City,,
http://www.wikidata.org/entity/Q55192,Gertrude Abercrombie,United States of America,9,1909-02-17T00:00:00Z,http://www.wikidata.org/entity/Q16559,Austin,Mysticism,1977-07-03T00:00:00Z
http://www.wikidata.org/entity/Q122006,Uta Barth,Germany,3,1958-01-29T00:00:00Z,http://www.wikidata.org/entity/Q64,Berlin,,
http://www.wikidata.org/entity/Q460186,Alice Neel,United States of America,13,1900-01-28T00:00:00Z,http://www.wikidata.org/entity/Q5566378,"Gladwyne, Pennsylvania",,1984-10-13T00:00:00Z
http://www.wikidata.org/entity/Q441440,Judy Chicago,United States of America,29,1939-07-20T00:00:00Z,http://www.wikidata.org/entity/Q1297,Chicago,,
http://www.wikidata.org/entity/Q452946,Beata Pozniak,Poland,26,1960-04-30T00:00:00Z,http://www.wikidata.org/entity/Q1792,Gdańsk,,
http://www.wikidata.org/entity/Q453488,Kellye Nakahara,United States of America,6,1950-01-01T00:00:00Z,http://www.wikidata.org/entity/Q131347,Oahu,,
http://www.wikidata.org/entity/Q453639,Eve Plumb,United States of America,13,1958-04-29T00:00:00Z,http://www.wikidata.org/entity/Q39561,Burbank,,
http://www.wikidata.org/entity/Q444567,Kay Sage,United States of America,16,1898-06-25T00:00:00Z,http://www.wikidata.org/entity/Q24861,Albany,,1963-01-08T00:00:00Z
http://www.wikidata.org/entity/Q459871,Patricia Morison,United States of America,25,1915-03-19T00:00:00Z,http://www.wikidata.org/entity/Q60,New York City,,2018-05-20T00:00:00Z
http://www.wikidata.org/entity/Q463639,Ana Mendieta,United States of America,18,1948-11-18T00:00:00Z,http://www.wikidata.org/entity/Q1563,Havana,,1985-09-08T00:00:00Z
http://www.wikidata.org/entity/Q450477,Alyssa Monks,United States of America,4,1977-11-27T00:00:00Z,http://www.wikidata.org/entity/Q1677925,Ridgewood,,
http://www.wikidata.org/entity/Q452105,Marissa Nadler,United States of America,12,1981-04-05T00:00:00Z,http://www.wikidata.org/entity/Q61,"Washington, D.C.",musical composition,
http://www.wikidata.org/entity/Q452946,Beata Pozniak,United States of America,26,1960-04-30T00:00:00Z,http://www.wikidata.org/entity/Q1792,Gdańsk,,
http://www.wikidata.org/entity/Q442486,Elizabeth Peyton,United States of America,8,1965-01-01T00:00:00Z,http://www.wikidata.org/entity/Q49198,Danbury,,
http://www.wikidata.org/entity/Q456757,Jane Winton,United States of America,10,1905-10-10T00:00:00Z,http://www.wikidata.org/entity/Q1345,Philadelphia,,1959-09-22T00:00:00Z
http://www.wikidata.org/entity/Q452400,Mary Woronov,United States of America,16,1943-12-08T00:00:00Z,http://www.wikidata.org/entity/Q695411,Palm Beach,,
http://www.wikidata.org/entity/Q446518,Heather Hunter,United States of America,19,1969-10-01T00:00:00Z,http://www.wikidata.org/entity/Q18426,The Bronx,,
http://www.wikidata.org/entity/Q459378,Beatrice Wood,United States of America,16,1893-03-03T00:00:00Z,http://www.wikidata.org/entity/Q62,San Francisco,,1998-03-12T00:00:00Z
http://www.wikidata.org/entity/Q449160,Dina Babbitt,United States of America,10,1923-01-21T00:00:00Z,http://www.wikidata.org/entity/Q14960,Brno,art of painting,2009-07-29T00:00:00Z
http://www.wikidata.org/entity/Q447300,Kiki Smith,United States of America,17,1954-01-18T00:00:00Z,http://www.wikidata.org/entity/Q2090,Nuremberg,art of sculpture,
http://www.wikidata.org/entity/Q452105,Marissa Nadler,United States of America,12,1981-04-05T00:00:00Z,http://www.wikidata.org/entity/Q61,"Washington, D.C.",fine art,
http://www.wikidata.org/entity/Q449536,Elaine de Kooning,United States of America,10,1918-03-12T00:00:00Z,http://www.wikidata.org/entity/Q18419,Brooklyn,,1989-02-01T00:00:00Z
http://www.wikidata.org/entity/Q447300,Kiki Smith,United States of America,17,1954-01-18T00:00:00Z,http://www.wikidata.org/entity/Q2090,Nuremberg,printmaking,
http://www.wikidata.org/entity/Q448193,Sadie Benning,United States of America,8,1973-04-11T00:00:00Z,http://www.wikidata.org/entity/Q37836,Milwaukee,video art,
http://www.wikidata.org/entity/Q448249,Lucy Bacon,United States of America,10,1857-07-30T00:00:00Z,http://www.wikidata.org/entity/Q3708357,Pitcairn,,1932-10-17T00:00:00Z
http://www.wikidata.org/entity/Q542496,Miriam Schapiro,United States of America,7,1923-11-15T00:00:00Z,http://www.wikidata.org/entity/Q172,Toronto,,2015-06-20T00:00:00Z
http://www.wikidata.org/entity/Q541831,Nancy Graves,United States of America,9,1939-12-23T00:00:00Z,http://www.wikidata.org/entity/Q49184,Pittsfield,,1995-10-21T00:00:00Z
http://www.wikidata.org/entity/Q1422010,Orra White Hitchcock,United States of America,5,1796-03-08T00:00:00Z,http://www.wikidata.org/entity/Q49164,Amherst,,1863-05-26T00:00:00Z
http://www.wikidata.org/entity/Q536197,Chryssa,United States of America,8,1933-12-31T00:00:00Z,http://www.wikidata.org/entity/Q1524,Athens,,2013-12-23T00:00:00Z
http://www.wikidata.org/entity/Q466607,Romaine Brooks,Italy,21,1874-05-01T00:00:00Z,http://www.wikidata.org/entity/Q220,Rome,,1970-12-07T00:00:00Z
http://www.wikidata.org/entity/Q574111,Olivia Peguero,United States of America,3,2000-01-01T00:00:00Z,http://www.wikidata.org/entity/Q3827252,Las Salinas,,
http://www.wikidata.org/entity/Q621627,Alexa Meade,United States of America,9,1986-09-03T00:00:00Z,http://www.wikidata.org/entity/Q61,"Washington, D.C.",,
http://www.wikidata.org/entity/Q529514,Jane Emmet de Glehn,United States of America,8,1873-01-01T00:00:00Z,http://www.wikidata.org/entity/Q744948,New Rochelle,,1961-02-20T00:00:00Z
http://www.wikidata.org/entity/Q930069,Norris Church Mailer,United States of America,2,1949-01-31T00:00:00Z,http://www.wikidata.org/entity/Q79210,Atkins,,2010-11-21T00:00:00Z
http://www.wikidata.org/entity/Q852557,Hollie Stevens,United States of America,13,1982-01-04T00:00:00Z,http://www.wikidata.org/entity/Q41819,Kansas City,,2012-07-03T00:00:00Z
http://www.wikidata.org/entity/Q481952,Amy Sillman,United States of America,3,1954-01-01T00:00:00Z,http://www.wikidata.org/entity/Q12439,Detroit,,
http://www.wikidata.org/entity/Q537578,Audrey Flack,United States of America,9,1931-05-30T00:00:00Z,http://www.wikidata.org/entity/Q60,New York City,,
http://www.wikidata.org/entity/Q767139,Rosson Crow,United States of America,2,1982-01-01T00:00:00Z,http://www.wikidata.org/entity/Q16557,Dallas,,
http://www.wikidata.org/entity/Q538986,Lynda Benglis,United States of America,10,1941-10-25T00:00:00Z,http://www.wikidata.org/entity/Q864106,Lake Charles,,
http://www.wikidata.org/entity/Q540665,Françoise Gilot,United States of America,15,1921-11-26T00:00:00Z,http://www.wikidata.org/entity/Q48958,Neuilly-sur-Seine,,
http://www.wikidata.org/entity/Q518922,Doris Lee,United States of America,5,1905-02-01T00:00:00Z,http://www.wikidata.org/entity/Q576814,Aledo,,1983-06-16T00:00:00Z
http://www.wikidata.org/entity/Q1331328,Elizabeth Taylor,United States of America,3,1856-01-08T00:00:00Z,http://www.wikidata.org/entity/Q16567,Columbus,,1932-01-01T00:00:00Z
http://www.wikidata.org/entity/Q513948,Karen Kilimnik,United States of America,2,1955-01-01T00:00:00Z,http://www.wikidata.org/entity/Q1345,Philadelphia,,
http://www.wikidata.org/entity/Q807685,Barbara Weil,United States of America,3,1933-01-01T00:00:00Z,http://www.wikidata.org/entity/Q1297,Chicago,,2018-01-19T00:00:00Z
http://www.wikidata.org/entity/Q518148,Ida Kohlmeyer,United States of America,5,1912-11-03T00:00:00Z,http://www.wikidata.org/entity/Q34404,New Orleans,,1997-01-29T00:00:00Z
http://www.wikidata.org/entity/Q558797,Ann Twardowicz,United States of America,2,1929-01-01T00:00:00Z,http://www.wikidata.org/entity/Q16567,Columbus,,1973-01-01T00:00:00Z
http://www.wikidata.org/entity/Q508184,Rebecca Miller,United States of America,16,1962-09-15T00:00:00Z,http://www.wikidata.org/entity/Q2076302,Roxbury,,
http://www.wikidata.org/entity/Q660610,Kika Karadi,United States of America,3,1975-01-01T00:00:00Z,http://www.wikidata.org/entity/Q1781,Budapest,,
http://www.wikidata.org/entity/Q1250269,Dorothy Brett,United States of America,7,1883-11-10T00:00:00Z,http://www.wikidata.org/entity/Q84,London,,1977-08-24T00:00:00Z
http://www.wikidata.org/entity/Q515745,Pamela Colman Smith,United States of America,16,1878-02-16T00:00:00Z,http://www.wikidata.org/entity/Q123306,Pimlico,,1951-09-18T00:00:00Z
http://www.wikidata.org/entity/Q530367,Lee Lozano,United States of America,8,1930-11-05T00:00:00Z,http://www.wikidata.org/entity/Q25395,Newark,,1999-10-02T00:00:00Z
http://www.wikidata.org/entity/Q530639,Hazel Lavery,United States of America,5,1880-03-14T00:00:00Z,http://www.wikidata.org/entity/Q1297,Chicago,,1935-01-01T00:00:00Z
http://www.wikidata.org/entity/Q464044,Katherine Sophie Dreier,United States of America,12,1877-09-10T00:00:00Z,http://www.wikidata.org/entity/Q18419,Brooklyn,,1952-03-29T00:00:00Z
http://www.wikidata.org/entity/Q976244,Lisel Salzer,United States of America,2,1906-08-26T00:00:00Z,http://www.wikidata.org/entity/Q1741,Vienna,,2005-12-07T00:00:00Z
http://www.wikidata.org/entity/Q775149,Ruth Kligman,United States of America,7,1930-01-25T00:00:00Z,http://www.wikidata.org/entity/Q25395,Newark,,2010-03-01T00:00:00Z
http://www.wikidata.org/entity/Q868247,Colette Carr,United States of America,9,1991-01-06T00:00:00Z,http://www.wikidata.org/entity/Q65,Los Angeles,musical composition,
http://www.wikidata.org/entity/Q465777,Vija Celmins,United States of America,9,1938-10-25T00:00:00Z,http://www.wikidata.org/entity/Q1773,Riga,,
http://www.wikidata.org/entity/Q1326979,Alisa Margolis,United States of America,4,1975-01-01T00:00:00Z,http://www.wikidata.org/entity/Q1899,Kiev,,
http://www.wikidata.org/entity/Q466051,Alia Shawkat,United States of America,25,1989-04-18T00:00:00Z,http://www.wikidata.org/entity/Q49243,Riverside,,
http://www.wikidata.org/entity/Q466607,Romaine Brooks,United States of America,21,1874-05-01T00:00:00Z,http://www.wikidata.org/entity/Q220,Rome,,1970-12-07T00:00:00Z
http://www.wikidata.org/entity/Q976244,Lisel Salzer,Austria,2,1906-08-26T00:00:00Z,http://www.wikidata.org/entity/Q1741,Vienna,,2005-12-07T00:00:00Z
http://www.wikidata.org/entity/Q565848,Anne Truitt,United States of America,6,1921-03-16T00:00:00Z,http://www.wikidata.org/entity/Q5092,Baltimore,,2004-12-23T00:00:00Z
http://www.wikidata.org/entity/Q519973,Grace Renzi,United States of America,5,1922-09-09T00:00:00Z,http://www.wikidata.org/entity/Q18424,Queens,,2011-06-04T00:00:00Z
http://www.wikidata.org/entity/Q540665,Françoise Gilot,France,15,1921-11-26T00:00:00Z,http://www.wikidata.org/entity/Q48958,Neuilly-sur-Seine,,
http://www.wikidata.org/entity/Q514218,Huguette Marcelle Clark,United States of America,8,1906-06-09T00:00:00Z,http://www.wikidata.org/entity/Q90,Paris,,2011-05-24T00:00:00Z
http://www.wikidata.org/entity/Q508745,Olivia De Berardinis,United States of America,6,1948-01-01T00:00:00Z,http://www.wikidata.org/entity/Q16739,Long Beach,,
http://www.wikidata.org/entity/Q469934,Joan Mitchell,United States of America,14,1925-02-12T00:00:00Z,http://www.wikidata.org/entity/Q1297,Chicago,,1992-10-30T00:00:00Z
http://www.wikidata.org/entity/Q995082,Little Annie,United States of America,3,1960-01-01T00:00:00Z,t857139323,t857139323,,
http://www.wikidata.org/entity/Q915955,Brigid Berlin,United States of America,7,1939-09-06T00:00:00Z,http://www.wikidata.org/entity/Q60,New York City,,
http://www.wikidata.org/entity/Q466677,Cecilia Beaux,United States of America,14,1855-05-01T00:00:00Z,http://www.wikidata.org/entity/Q1345,Philadelphia,,1942-09-17T00:00:00Z
http://www.wikidata.org/entity/Q530624,Neysa McMein,United States of America,6,1888-01-24T00:00:00Z,http://www.wikidata.org/entity/Q575750,Quincy,,1949-05-12T00:00:00Z
http://www.wikidata.org/entity/Q1241048,Natalie Bieser,United States of America,2,1948-12-14T00:00:00Z,http://www.wikidata.org/entity/Q989903,Grand Junction,,
http://www.wikidata.org/entity/Q1440792,Frances Brundage,United States of America,5,1854-06-28T00:00:00Z,http://www.wikidata.org/entity/Q25395,Newark,,1937-03-28T00:00:00Z
http://www.wikidata.org/entity/Q1422595,Frances Scholz,United States of America,1,1962-01-01T00:00:00Z,http://www.wikidata.org/entity/Q61,"Washington, D.C.",,
http://www.wikidata.org/entity/Q469683,Julie Bell,United States of America,10,1958-10-07T00:00:00Z,http://www.wikidata.org/entity/Q128282,Beaumont,,
http://www.wikidata.org/entity/Q536920,Jenny Scobel,United States of America,3,1955-01-01T00:00:00Z,http://www.wikidata.org/entity/Q935692,Orrville,,
http://www.wikidata.org/entity/Q466607,Romaine Brooks,Kingdom of Italy,21,1874-05-01T00:00:00Z,http://www.wikidata.org/entity/Q220,Rome,,1970-12-07T00:00:00Z
http://www.wikidata.org/entity/Q1012900,Wanda Gág,United States of America,9,1893-03-11T00:00:00Z,http://www.wikidata.org/entity/Q545119,New Ulm,,1946-06-27T00:00:00Z
http://www.wikidata.org/entity/Q832255,Betsy Eby,United States of America,2,1967-04-03T00:00:00Z,http://www.wikidata.org/entity/Q2624434,Seaside,,
http://www.wikidata.org/entity/Q529028,Camille Rose Garcia,United States of America,4,1970-11-18T00:00:00Z,,,,
http://www.wikidata.org/entity/Q2070194,Sarah Choate Sears,United States of America,8,1858-05-05T00:00:00Z,http://www.wikidata.org/entity/Q49111,Cambridge,,1935-09-25T00:00:00Z
http://www.wikidata.org/entity/Q2224527,Sarah W. Whitman,United States of America,5,1842-12-05T00:00:00Z,http://www.wikidata.org/entity/Q49162,Lowell,,1904-07-01T00:00:00Z
http://www.wikidata.org/entity/Q2224527,Sarah W. Whitman,United States of America,5,1842-12-05T00:00:00Z,http://www.wikidata.org/entity/Q49162,Lowell,,1904-06-25T00:00:00Z
http://www.wikidata.org/entity/Q2224527,Sarah W. Whitman,United States of America,5,1842-12-05T00:00:00Z,http://www.wikidata.org/entity/Q49162,Lowell,,1904-01-01T00:00:00Z
http://www.wikidata.org/entity/Q2224527,Sarah W. Whitman,United States of America,5,1842-12-05T00:00:00Z,http://www.wikidata.org/entity/Q5092,Baltimore,,1904-07-01T00:00:00Z
http://www.wikidata.org/entity/Q2224527,Sarah W. Whitman,United States of America,5,1842-12-05T00:00:00Z,http://www.wikidata.org/entity/Q5092,Baltimore,,1904-06-25T00:00:00Z
http://www.wikidata.org/entity/Q2224527,Sarah W. Whitman,United States of America,5,1842-12-05T00:00:00Z,http://www.wikidata.org/entity/Q5092,Baltimore,,1904-01-01T00:00:00Z
http://www.wikidata.org/entity/Q2084523,Jemima Kirke,United States of America,15,1985-04-26T00:00:00Z,http://www.wikidata.org/entity/Q189960,Westminster,,
http://www.wikidata.org/entity/Q2124740,Ruth Graham,United States of America,15,1920-06-10T00:00:00Z,http://www.wikidata.org/entity/Q57818,Huai'an,,2007-06-14T00:00:00Z
http://www.wikidata.org/entity/Q2164544,Dorothy Dehner,United States of America,5,1901-01-01T00:00:00Z,http://www.wikidata.org/entity/Q37320,Cleveland,,1994-09-22T00:00:00Z
http://www.wikidata.org/entity/Q2123191,Beverly Pepper,United States of America,11,1924-01-01T00:00:00Z,http://www.wikidata.org/entity/Q18419,Brooklyn,,
http://www.wikidata.org/entity/Q2224527,Sarah W. Whitman,United States of America,5,1842-01-01T00:00:00Z,http://www.wikidata.org/entity/Q49162,Lowell,,1904-07-01T00:00:00Z
http://www.wikidata.org/entity/Q2224527,Sarah W. Whitman,United States of America,5,1842-01-01T00:00:00Z,http://www.wikidata.org/entity/Q49162,Lowell,,1904-06-25T00:00:00Z
http://www.wikidata.org/entity/Q2224527,Sarah W. Whitman,United States of America,5,1842-01-01T00:00:00Z,http://www.wikidata.org/entity/Q49162,Lowell,,1904-01-01T00:00:00Z
http://www.wikidata.org/entity/Q2224527,Sarah W. Whitman,United States of America,5,1842-01-01T00:00:00Z,http://www.wikidata.org/entity/Q5092,Baltimore,,1904-07-01T00:00:00Z
http://www.wikidata.org/entity/Q2224527,Sarah W. Whitman,United States of America,5,1842-01-01T00:00:00Z,http://www.wikidata.org/entity/Q5092,Baltimore,,1904-06-25T00:00:00Z
http://www.wikidata.org/entity/Q2224527,Sarah W. Whitman,United States of America,5,1842-01-01T00:00:00Z,http://www.wikidata.org/entity/Q5092,Baltimore,,1904-01-01T00:00:00Z
http://www.wikidata.org/entity/Q2123191,Beverly Pepper,United States of America,11,1922-12-20T00:00:00Z,http://www.wikidata.org/entity/Q18419,Brooklyn,,
http://www.wikidata.org/entity/Q2103776,Pauline Palmer,United States of America,4,1867-01-01T00:00:00Z,http://www.wikidata.org/entity/Q575578,McHenry,,1938-08-15T00:00:00Z
http://www.wikidata.org/entity/Q2181257,Andrea Way,United States of America,2,1949-01-01T00:00:00Z,,,,
http://www.wikidata.org/entity/Q2964690,Chris Costner Sizemore,United States of America,7,1927-04-04T00:00:00Z,http://www.wikidata.org/entity/Q1016590,Edgefield,,2016-07-24T00:00:00Z
http://www.wikidata.org/entity/Q1495354,Susan Stuart Frackleton,United States of America,8,1848-06-05T00:00:00Z,http://www.wikidata.org/entity/Q37836,Milwaukee,,1932-04-14T00:00:00Z
http://www.wikidata.org/entity/Q1495354,Susan Stuart Frackleton,United States of America,8,1848-06-05T00:00:00Z,http://www.wikidata.org/entity/Q37836,Milwaukee,,1932-01-01T00:00:00Z
http://www.wikidata.org/entity/Q2393823,Tara McPherson,United States of America,6,1976-04-07T00:00:00Z,http://www.wikidata.org/entity/Q62,San Francisco,,
http://www.wikidata.org/entity/Q2327858,Mary Agnes Yerkes,United States of America,7,1886-08-09T00:00:00Z,http://www.wikidata.org/entity/Q1204,Illinois,,1989-11-08T00:00:00Z
http://www.wikidata.org/entity/Q1671106,Sam Moyer,United States of America,2,1983-01-01T00:00:00Z,http://www.wikidata.org/entity/Q1297,Chicago,,
http://www.wikidata.org/entity/Q1906281,Mary Heilmann,United States of America,3,1940-01-01T00:00:00Z,http://www.wikidata.org/entity/Q62,San Francisco,,
http://www.wikidata.org/entity/Q2986384,Lilly Martin Spencer,United States of America,9,1822-11-26T00:00:00Z,http://www.wikidata.org/entity/Q134672,Exeter,,1902-05-22T00:00:00Z
http://www.wikidata.org/entity/Q2405617,Terry Jenoure,United States of America,1,1953-09-22T00:00:00Z,http://www.wikidata.org/entity/Q60,New York City,,
http://www.wikidata.org/entity/Q2363416,Sue Williams,United States of America,3,1954-01-01T00:00:00Z,http://www.wikidata.org/entity/Q1297,Chicago,,
http://www.wikidata.org/entity/Q2060870,Nampeyo,United States of America,8,1859-01-01T00:00:00Z,,,,1942-01-01T00:00:00Z
http://www.wikidata.org/entity/Q1711086,Judith Trepp,Switzerland,1,1941-01-01T00:00:00Z,,,,
http://www.wikidata.org/entity/Q1494998,Garé Barks,United States of America,3,1917-12-06T00:00:00Z,http://www.wikidata.org/entity/Q216258,Hilo,,1993-03-10T00:00:00Z
http://www.wikidata.org/entity/Q1986987,Nicole Eisenman,United States of America,8,1965-01-01T00:00:00Z,http://www.wikidata.org/entity/Q154748,Verdun,,
http://www.wikidata.org/entity/Q1936630,Minerva J. Chapman,United States of America,9,1858-05-03T00:00:00Z,http://www.wikidata.org/entity/Q1384,New York,,1947-06-14T00:00:00Z
http://www.wikidata.org/entity/Q2019962,Olive Rush,United States of America,4,1873-06-10T00:00:00Z,http://www.wikidata.org/entity/Q1022764,Fairmount,landscape art,1966-08-20T00:00:00Z
http://www.wikidata.org/entity/Q1672482,Irene Awret,Germany,2,1921-01-30T00:00:00Z,http://www.wikidata.org/entity/Q64,Berlin,,2014-06-06T00:00:00Z
http://www.wikidata.org/entity/Q2440012,Adrienne King,United States of America,18,1960-07-21T00:00:00Z,http://www.wikidata.org/entity/Q18438,Long Island,,
http://www.wikidata.org/entity/Q2978902,Clementine Hunter,United States of America,8,1889-01-01T00:00:00Z,http://www.wikidata.org/entity/Q1588,Louisiana,,1988-01-01T00:00:00Z
http://www.wikidata.org/entity/Q2019962,Olive Rush,United States of America,4,1873-06-10T00:00:00Z,http://www.wikidata.org/entity/Q1022764,Fairmount,genre art,1966-08-20T00:00:00Z
http://www.wikidata.org/entity/Q1902799,Kathleen Kucka,United States of America,3,,,,,
http://www.wikidata.org/entity/Q2414037,Beryl Korot,United States of America,7,1945-09-17T00:00:00Z,http://www.wikidata.org/entity/Q60,New York City,,
http://www.wikidata.org/entity/Q2452898,Mildred Wolfe,United States of America,2,1912-08-23T00:00:00Z,http://www.wikidata.org/entity/Q387861,Celina,,2009-02-11T00:00:00Z
http://www.wikidata.org/entity/Q2594757,Nancy Binns Reed,United States of America,1,1924-12-11T00:00:00Z,,,,2000-02-26T00:00:00Z
http://www.wikidata.org/entity/Q1895472,Marguerite Gaudin,United States of America,3,1909-01-01T00:00:00Z,,,,1991-09-29T00:00:00Z
http://www.wikidata.org/entity/Q1601814,Helen Berggruen,United States of America,2,1945-01-01T00:00:00Z,http://www.wikidata.org/entity/Q62,San Francisco,,
http://www.wikidata.org/entity/Q1226556,Violet Oakley,United States of America,8,1874-06-10T00:00:00Z,http://www.wikidata.org/entity/Q1408,New Jersey,,1961-02-25T00:00:00Z
http://www.wikidata.org/entity/Q1672482,Irene Awret,United States of America,2,1921-01-30T00:00:00Z,http://www.wikidata.org/entity/Q64,Berlin,,2014-06-06T00:00:00Z
http://www.wikidata.org/entity/Q1820823,Leslie Thornton,United States of America,3,1951-01-01T00:00:00Z,http://www.wikidata.org/entity/Q185582,Knoxville,,
http://www.wikidata.org/entity/Q1899160,Marion Greenwood,United States of America,5,1909-04-06T00:00:00Z,http://www.wikidata.org/entity/Q18419,Brooklyn,,1970-08-20T00:00:00Z
http://www.wikidata.org/entity/Q2975511,Clara Tice,United States of America,5,1888-05-22T00:00:00Z,http://www.wikidata.org/entity/Q60,New York City,,1973-02-02T00:00:00Z
http://www.wikidata.org/entity/Q1689871,Jo Baer,United States of America,9,1929-08-07T00:00:00Z,http://www.wikidata.org/entity/Q5083,Seattle,painter,
http://www.wikidata.org/entity/Q1488149,Ida Applebroog,United States of America,5,1929-11-11T00:00:00Z,http://www.wikidata.org/entity/Q18426,The Bronx,,
http://www.wikidata.org/entity/Q1746894,Reva Urban,United States of America,2,1925-01-01T00:00:00Z,http://www.wikidata.org/entity/Q628201,Coney Island,,1987-01-01T00:00:00Z
http://www.wikidata.org/entity/Q2939563,Carmelita Geraghty,United States of America,13,1901-03-21T00:00:00Z,http://www.wikidata.org/entity/Q575423,Rushville,,1966-07-07T00:00:00Z
http://www.wikidata.org/entity/Q1495354,Susan Stuart Frackleton,United States of America,8,1848-01-01T00:00:00Z,http://www.wikidata.org/entity/Q37836,Milwaukee,,1932-04-14T00:00:00Z
http://www.wikidata.org/entity/Q1495354,Susan Stuart Frackleton,United States of America,8,1848-01-01T00:00:00Z,http://www.wikidata.org/entity/Q37836,Milwaukee,,1932-01-01T00:00:00Z
http://www.wikidata.org/entity/Q1541046,Grace Greenwood Ames,United States of America,3,1905-01-15T00:00:00Z,http://www.wikidata.org/entity/Q18419,Brooklyn,,1979-07-21T00:00:00Z
http://www.wikidata.org/entity/Q1868334,Lois Freeman-Fox,United States of America,1,1947-01-01T00:00:00Z,,,,
http://www.wikidata.org/entity/Q2440012,Adrienne King,United States of America,18,1955-07-21T00:00:00Z,http://www.wikidata.org/entity/Q18438,Long Island,,
http://www.wikidata.org/entity/Q1663640,Inka Essenhigh,United States of America,4,1969-01-01T00:00:00Z,http://www.wikidata.org/entity/Q1133274,Bellefonte,,
http://www.wikidata.org/entity/Q1875363,Adelaide Hanscom Leeson,United States of America,4,1875-11-25T00:00:00Z,http://www.wikidata.org/entity/Q913266,Coos Bay,,1931-11-19T00:00:00Z
http://www.wikidata.org/entity/Q2302825,Sophie Matisse,United States of America,4,1965-02-13T00:00:00Z,http://www.wikidata.org/entity/Q100,Boston,,
http://www.wikidata.org/entity/Q1824875,Lil Picard,United States of America,2,1899-10-04T00:00:00Z,http://www.wikidata.org/entity/Q7052,Landau in der Pfalz,,1994-05-10T00:00:00Z
http://www.wikidata.org/entity/Q1778290,Sunaura Taylor,United States of America,4,1982-03-21T00:00:00Z,http://www.wikidata.org/entity/Q18575,Tucson,,
http://www.wikidata.org/entity/Q2236424,Nancy Rubins,United States of America,5,1952-01-01T00:00:00Z,http://www.wikidata.org/entity/Q976503,Naples,,
http://www.wikidata.org/entity/Q1711086,Judith Trepp,United States of America,1,1941-01-01T00:00:00Z,,,,
http://www.wikidata.org/entity/Q1067592,Charmion Von Wiegand,United States of America,5,1896-03-04T00:00:00Z,http://www.wikidata.org/entity/Q1297,Chicago,,1983-06-09T00:00:00Z
http://www.wikidata.org/entity/Q1133283,Cornelia Bentley Sage Quinton,United States of America,2,1876-10-03T00:00:00Z,http://www.wikidata.org/entity/Q40435,Buffalo,,1936-05-16T00:00:00Z
http://www.wikidata.org/entity/Q3050396,Elaine Hamilton-O'Neal,United States of America,4,1920-10-13T00:00:00Z,http://www.wikidata.org/entity/Q755075,Catonsville,,2010-03-15T00:00:00Z
http://www.wikidata.org/entity/Q3051264,Elizabeth Shoumatoff,United States of America,5,1888-01-01T00:00:00Z,http://www.wikidata.org/entity/Q159,Russia,,1980-12-01T00:00:00Z
http://www.wikidata.org/entity/Q2600072,Audrey Kawasaki,United States of America,9,1982-03-31T00:00:00Z,http://www.wikidata.org/entity/Q65,Los Angeles,,
http://www.wikidata.org/entity/Q3019301,Day Schnabel,United States of America,3,1905-03-01T00:00:00Z,http://www.wikidata.org/entity/Q1741,Vienna,,1991-03-06T00:00:00Z
http://www.wikidata.org/entity/Q1092556,Katharine Carl,United States of America,12,1865-01-01T00:00:00Z,http://www.wikidata.org/entity/Q34404,New Orleans,,1938-01-01T00:00:00Z
http://www.wikidata.org/entity/Q1789285,Kristin Baker,United States of America,4,1975-01-01T00:00:00Z,,,,
http://www.wikidata.org/entity/Q1711157,Judy Ledgerwood,United States of America,1,1959-01-01T00:00:00Z,,,,
http://www.wikidata.org/entity/Q1052369,Cecile Jospé,United States of America,2,1928-08-15T00:00:00Z,http://www.wikidata.org/entity/Q1408,New Jersey,,2004-05-17T00:00:00Z
http://www.wikidata.org/entity/Q2048656,Pamela Zoline,United States of America,2,1941-01-01T00:00:00Z,,,,
http://www.wikidata.org/entity/Q1825225,Lillian Mousli,United States of America,1,1960-01-01T00:00:00Z,http://www.wikidata.org/entity/Q1726,Munich,,
http://www.wikidata.org/entity/Q2057205,Patricia Johanson,United States of America,4,1940-09-08T00:00:00Z,http://www.wikidata.org/entity/Q60,New York City,,
http://www.wikidata.org/entity/Q2061698,Adah Isaacs Menken,United States of America,9,1835-06-15T00:00:00Z,http://www.wikidata.org/entity/Q34404,New Orleans,,1868-08-10T00:00:00Z
http://www.wikidata.org/entity/Q3050403,Elaine Sturtevant,United States of America,6,1924-08-23T00:00:00Z,http://www.wikidata.org/entity/Q570990,Lakewood,,2014-05-07T00:00:00Z
http://www.wikidata.org/entity/Q1527438,Marla Olmstead,United States of America,5,2000-01-01T00:00:00Z,http://www.wikidata.org/entity/Q213814,Binghamton,,
http://www.wikidata.org/entity/Q3482355,Shirley Jaffe,United States of America,4,1923-02-10T00:00:00Z,http://www.wikidata.org/entity/Q138311,Elizabeth,,2016-09-29T00:00:00Z
http://www.wikidata.org/entity/Q3469985,Sally Mangum,United States of America,1,1960-01-11T00:00:00Z,http://www.wikidata.org/entity/Q49145,New Haven,,
http://www.wikidata.org/entity/Q3197848,Teresa Żarnowerówna,United States of America,7,1897-01-01T00:00:00Z,http://www.wikidata.org/entity/Q270,Warsaw,,1949-04-30T00:00:00Z
http://www.wikidata.org/entity/Q2646843,Alice Baber,United States of America,4,1928-08-22T00:00:00Z,http://www.wikidata.org/entity/Q577909,Charleston,,1982-10-02T00:00:00Z
http://www.wikidata.org/entity/Q2849375,Angela Gregory,United States of America,4,1903-10-18T00:00:00Z,http://www.wikidata.org/entity/Q34404,New Orleans,,1990-02-13T00:00:00Z
http://www.wikidata.org/entity/Q2900288,Betye Saar,United States of America,4,1926-07-30T00:00:00Z,http://www.wikidata.org/entity/Q65,Los Angeles,,
http://www.wikidata.org/entity/Q2851320,Anne Walker,United States of America,2,1933-01-01T00:00:00Z,http://www.wikidata.org/entity/Q100,Boston,,
http://www.wikidata.org/entity/Q3723486,Ellen Day Hale,United States of America,9,1855-02-11T00:00:00Z,http://www.wikidata.org/entity/Q49179,Worcester,,1940-02-11T00:00:00Z
http://www.wikidata.org/entity/Q3135625,Hildreth Meiere,United States of America,5,1892-01-01T00:00:00Z,http://www.wikidata.org/entity/Q60,New York City,,1961-05-02T00:00:00Z
http://www.wikidata.org/entity/Q3135625,Hildreth Meiere,United States of America,5,1892-01-01T00:00:00Z,http://www.wikidata.org/entity/Q60,New York City,,1961-01-01T00:00:00Z
http://www.wikidata.org/entity/Q3129707,Dixie Selden,United States of America,3,1868-02-28T00:00:00Z,http://www.wikidata.org/entity/Q43196,Cincinnati,,1938-11-15T00:00:00Z
http://www.wikidata.org/entity/Q3267563,Tuulikki Pietilä,United States of America,11,1917-02-18T00:00:00Z,http://www.wikidata.org/entity/Q5083,Seattle,,2009-02-23T00:00:00Z
http://www.wikidata.org/entity/Q3481752,Sheila Hicks,United States of America,6,1934-07-24T00:00:00Z,http://www.wikidata.org/entity/Q29245,Hastings,,2012-01-01T00:00:00Z
http://www.wikidata.org/entity/Q3290473,Margaret Brundage,United States of America,5,1900-12-09T00:00:00Z,http://www.wikidata.org/entity/Q1297,Chicago,,1976-04-09T00:00:00Z
http://www.wikidata.org/entity/Q3386667,Cappy Thompson,United States of America,2,1952-01-22T00:00:00Z,http://www.wikidata.org/entity/Q88,Alexandria,,
http://www.wikidata.org/entity/Q3258676,Loïs Mailou Jones,United States of America,6,1905-11-03T00:00:00Z,http://www.wikidata.org/entity/Q100,Boston,,1998-06-09T00:00:00Z
http://www.wikidata.org/entity/Q3784507,Helen Hardin,United States of America,5,1943-05-28T00:00:00Z,http://www.wikidata.org/entity/Q34804,Albuquerque,,1984-06-09T00:00:00Z
http://www.wikidata.org/entity/Q3296173,Mary Fairchild Low,United States of America,6,1858-08-11T00:00:00Z,http://www.wikidata.org/entity/Q49145,New Haven,,1946-05-23T00:00:00Z
http://www.wikidata.org/entity/Q3505862,Suzan Pitt,United States of America,4,1943-07-11T00:00:00Z,http://www.wikidata.org/entity/Q41819,Kansas City,,2019-06-16T00:00:00Z
http://www.wikidata.org/entity/Q3267563,Tuulikki Pietilä,Finland,11,1917-02-18T00:00:00Z,http://www.wikidata.org/entity/Q5083,Seattle,,2009-02-23T00:00:00Z
http://www.wikidata.org/entity/Q3915869,June Wayne,United States of America,6,1918-03-07T00:00:00Z,http://www.wikidata.org/entity/Q1297,Chicago,,2011-08-23T00:00:00Z
http://www.wikidata.org/entity/Q3492033,EE Storey,United States of America,4,1981-03-31T00:00:00Z,,,,
http://www.wikidata.org/entity/Q2776789,Maria Oakey Dewing,United States of America,5,1845-01-01T00:00:00Z,http://www.wikidata.org/entity/Q1384,New York,,1927-12-13T00:00:00Z
http://www.wikidata.org/entity/Q3811136,Juliet Appleby,United States of America,2,1919-01-01T00:00:00Z,http://www.wikidata.org/entity/Q84,London,,1999-03-11T00:00:00Z
http://www.wikidata.org/entity/Q2731236,Nancy Spero,United States of America,8,1926-08-24T00:00:00Z,http://www.wikidata.org/entity/Q37320,Cleveland,,2009-10-18T00:00:00Z
http://www.wikidata.org/entity/Q3374228,Pegeen Vail Guggenheim,United States of America,5,1925-08-18T00:00:00Z,http://www.wikidata.org/entity/Q870499,Ouchy,,1967-03-01T00:00:00Z
http://www.wikidata.org/entity/Q3576266,Zuka,United States of America,1,1924-01-01T00:00:00Z,http://www.wikidata.org/entity/Q65,Los Angeles,,2016-12-18T00:00:00Z
http://www.wikidata.org/entity/Q3051756,Elsie Driggs,United States of America,5,1898-01-01T00:00:00Z,http://www.wikidata.org/entity/Q33486,Hartford,,1992-07-12T00:00:00Z
http://www.wikidata.org/entity/Q3067887,Federica Matta,United States of America,3,1955-07-08T00:00:00Z,http://www.wikidata.org/entity/Q48958,Neuilly-sur-Seine,,
http://www.wikidata.org/entity/Q2836772,Alicia Paz,France,3,1967-01-01T00:00:00Z,http://www.wikidata.org/entity/Q1489,Mexico City,,
http://www.wikidata.org/entity/Q3306173,Mequitta Ahuja,United States of America,4,1976-01-01T00:00:00Z,http://www.wikidata.org/entity/Q184587,Grand Rapids,,
http://www.wikidata.org/entity/Q3638402,Susan Macdowell Eakins,United States of America,6,1851-09-21T00:00:00Z,http://www.wikidata.org/entity/Q1345,Philadelphia,,1938-12-27T00:00:00Z
http://www.wikidata.org/entity/Q3336054,Narcissa Niblack Thorne,United States of America,3,1882-05-02T00:00:00Z,,,,1966-06-25T00:00:00Z
http://www.wikidata.org/entity/Q3490819,Sophia Hawthorne,United States of America,6,1809-09-21T00:00:00Z,http://www.wikidata.org/entity/Q54140,Salem,,1871-02-26T00:00:00Z
http://www.wikidata.org/entity/Q3132490,Henriette Wyeth,United States of America,3,1907-10-22T00:00:00Z,,,,1997-04-03T00:00:00Z
http://www.wikidata.org/entity/Q3185911,Josephine Hopper,United States of America,8,1883-03-18T00:00:00Z,http://www.wikidata.org/entity/Q11299,Manhattan,,1967-03-06T00:00:00Z
http://www.wikidata.org/entity/Q2850565,Anna Lea Merritt,United States of America,11,1844-09-13T00:00:00Z,http://www.wikidata.org/entity/Q1345,Philadelphia,,1930-04-07T00:00:00Z
http://www.wikidata.org/entity/Q3481502,Louisa Matthíasdóttir,United States of America,4,1917-02-20T00:00:00Z,http://www.wikidata.org/entity/Q1764,Reykjavík,,2000-02-26T00:00:00Z
http://www.wikidata.org/entity/Q2821626,Abigail May Alcott Nieriker,United States of America,8,1840-06-26T00:00:00Z,http://www.wikidata.org/entity/Q523240,Concord,,1879-12-29T00:00:00Z
http://www.wikidata.org/entity/Q3290540,Margaretta Angelica Peale,United States of America,4,1795-10-01T00:00:00Z,http://www.wikidata.org/entity/Q1345,Philadelphia,,1882-01-17T00:00:00Z
http://www.wikidata.org/entity/Q3731761,Erika Giovanna Klien,United States of America,6,1900-04-12T00:00:00Z,http://www.wikidata.org/entity/Q246524,Borgo Valsugana,,1957-07-19T00:00:00Z
http://www.wikidata.org/entity/Q3761855,Gi Kalweit,United States of America,1,1964-10-13T00:00:00Z,http://www.wikidata.org/entity/Q36091,Minneapolis,,
http://www.wikidata.org/entity/Q3432140,Rina Banerjee,United States of America,4,1963-01-01T00:00:00Z,http://www.wikidata.org/entity/Q1348,Kolkata,,
http://www.wikidata.org/entity/Q2836772,Alicia Paz,Mexico,3,1967-01-01T00:00:00Z,http://www.wikidata.org/entity/Q1489,Mexico City,,
http://www.wikidata.org/entity/Q3258676,Loïs Mailou Jones,United States of America,6,1905-01-01T00:00:00Z,http://www.wikidata.org/entity/Q100,Boston,,1998-06-09T00:00:00Z
http://www.wikidata.org/entity/Q2693042,Mary Lizzie Macomber,United States of America,5,1861-08-21T00:00:00Z,http://www.wikidata.org/entity/Q49194,Fall River,,1916-02-04T00:00:00Z
http://www.wikidata.org/entity/Q3847976,Marilyn Minter,United States of America,2,1948-01-01T00:00:00Z,http://www.wikidata.org/entity/Q80517,Shreveport,,
http://www.wikidata.org/entity/Q2742164,Kinuko Y. Craft,United States of America,5,1940-01-01T00:00:00Z,http://www.wikidata.org/entity/Q191130,Kanazawa,,
http://www.wikidata.org/entity/Q3331507,Myriam Bat-Yosef,Iceland,3,1931-01-31T00:00:00Z,http://www.wikidata.org/entity/Q64,Berlin,,
http://www.wikidata.org/entity/Q3216025,Lady Pink,United States of America,9,1964-01-01T00:00:00Z,http://www.wikidata.org/entity/Q210161,Ambato,,
http://www.wikidata.org/entity/Q3731761,Erika Giovanna Klien,Austria,6,1900-04-12T00:00:00Z,http://www.wikidata.org/entity/Q246524,Borgo Valsugana,,1957-07-19T00:00:00Z
http://www.wikidata.org/entity/Q3162050,Jann Haworth,United States of America,5,1942-01-01T00:00:00Z,http://www.wikidata.org/entity/Q65,Los Angeles,,
http://www.wikidata.org/entity/Q3067887,Federica Matta,France,3,1955-07-08T00:00:00Z,http://www.wikidata.org/entity/Q48958,Neuilly-sur-Seine,,
http://www.wikidata.org/entity/Q3341956,Nina Petrovna Valetova,United States of America,5,1958-11-19T00:00:00Z,http://www.wikidata.org/entity/Q2671881,"Berdyash, Zilairsky District, Republic of Bashkortostan",,
http://www.wikidata.org/entity/Q3197848,Teresa Żarnowerówna,Poland,7,1897-01-01T00:00:00Z,http://www.wikidata.org/entity/Q270,Warsaw,,1949-04-30T00:00:00Z
http://www.wikidata.org/entity/Q3453618,Ruth Francken,United States of America,3,1924-08-08T00:00:00Z,http://www.wikidata.org/entity/Q1085,Prague,,2006-09-12T00:00:00Z
http://www.wikidata.org/entity/Q2742164,Kinuko Y. Craft,Japan,5,1940-01-01T00:00:00Z,http://www.wikidata.org/entity/Q191130,Kanazawa,,
http://www.wikidata.org/entity/Q3901579,Phoebe Legere,United States of America,3,1963-01-01T00:00:00Z,,,,
http://www.wikidata.org/entity/Q3265831,Lucille Wilcox Joullin,United States of America,3,1876-01-01T00:00:00Z,,,,1924-01-01T00:00:00Z
http://www.wikidata.org/entity/Q2884038,Barbara Trentham,United States of America,6,1944-08-27T00:00:00Z,http://www.wikidata.org/entity/Q18419,Brooklyn,,2013-08-02T00:00:00Z
http://www.wikidata.org/entity/Q3481502,Louisa Matthíasdóttir,Iceland,4,1917-02-20T00:00:00Z,http://www.wikidata.org/entity/Q1764,Reykjavík,,2000-02-26T00:00:00Z
http://www.wikidata.org/entity/Q3892124,Rebecca Guay,United States of America,5,2000-01-01T00:00:00Z,,,,
http://www.wikidata.org/entity/Q3311753,Mickalene Thomas,United States of America,6,1971-01-01T00:00:00Z,http://www.wikidata.org/entity/Q138367,Camden,,
http://www.wikidata.org/entity/Q3161863,Jane Frank,United States of America,4,1918-07-25T00:00:00Z,http://www.wikidata.org/entity/Q5092,Baltimore,,1986-05-31T00:00:00Z
http://www.wikidata.org/entity/Q2893137,Bernarda Bryson Shahn,United States of America,4,1903-03-09T00:00:00Z,http://www.wikidata.org/entity/Q755420,Athens,,2004-12-12T00:00:00Z
http://www.wikidata.org/entity/Q3449545,Satine Phoenix,United States of America,15,1980-05-22T00:00:00Z,http://www.wikidata.org/entity/Q56759,Olongapo,,
http://www.wikidata.org/entity/Q3331507,Myriam Bat-Yosef,United States of America,3,1931-01-31T00:00:00Z,http://www.wikidata.org/entity/Q64,Berlin,,
http://www.wikidata.org/entity/Q2836772,Alicia Paz,United States of America,3,1967-01-01T00:00:00Z,http://www.wikidata.org/entity/Q1489,Mexico City,,
http://www.wikidata.org/entity/Q2618403,Betty Edwards,United States of America,9,1926-01-01T00:00:00Z,http://www.wikidata.org/entity/Q62,San Francisco,,
http://www.wikidata.org/entity/Q3067887,Federica Matta,Chile,3,1955-07-08T00:00:00Z,http://www.wikidata.org/entity/Q48958,Neuilly-sur-Seine,,
http://www.wikidata.org/entity/Q2780287,Rose Clark,United States of America,7,1852-01-01T00:00:00Z,http://www.wikidata.org/entity/Q1415,Indiana,,1942-11-28T00:00:00Z
http://www.wikidata.org/entity/Q4760131,Andrée Ruellan,United States of America,3,1905-04-06T00:00:00Z,http://www.wikidata.org/entity/Q11299,Manhattan,,2006-07-15T00:00:00Z
http://www.wikidata.org/entity/Q4749217,Amy Guidry,United States of America,3,1976-01-01T00:00:00Z,http://www.wikidata.org/entity/Q986369,Jacksonville,,
http://www.wikidata.org/entity/Q4768122,Anne Appleby,United States of America,2,1954-01-01T00:00:00Z,http://www.wikidata.org/entity/Q25280,Harrisburg,,
http://www.wikidata.org/entity/Q4720593,Alexandra Bradshaw,United States of America,3,1888-04-20T00:00:00Z,,,,1981-09-24T00:00:00Z
http://www.wikidata.org/entity/Q4739750,Amanda Roth Block,United States of America,4,1912-02-20T00:00:00Z,http://www.wikidata.org/entity/Q43668,Louisville,,2011-11-08T00:00:00Z
http://www.wikidata.org/entity/Q4762738,Angelina Gualdoni,United States of America,2,1975-01-01T00:00:00Z,,,,
http://www.wikidata.org/entity/Q4746286,Amile Waters,United States of America,5,1985-04-25T00:00:00Z,http://www.wikidata.org/entity/Q1020314,Mayarí,,
http://www.wikidata.org/entity/Q4726082,Alice Schille,United States of America,2,1869-01-01T00:00:00Z,,,,1955-11-06T00:00:00Z
http://www.wikidata.org/entity/Q4768181,Anne Bremer,United States of America,6,1868-05-21T00:00:00Z,http://www.wikidata.org/entity/Q62,San Francisco,,1923-10-26T00:00:00Z
http://www.wikidata.org/entity/Q4766818,Anna Althea Hills,United States of America,6,1882-01-28T00:00:00Z,http://www.wikidata.org/entity/Q989843,Ravenna,,1930-06-13T00:00:00Z
http://www.wikidata.org/entity/Q4738832,Alzira Peirce,United States of America,2,1908-01-31T00:00:00Z,http://www.wikidata.org/entity/Q60,New York City,,2010-06-19T00:00:00Z
http://www.wikidata.org/entity/Q4755000,Andrea Callard,United States of America,2,1950-01-01T00:00:00Z,,,,
http://www.wikidata.org/entity/Q4749119,Amy Brazil,United States of America,1,,,,,
http://www.wikidata.org/entity/Q4768311,Anne Elizabeth Rector,United States of America,2,1899-01-01T00:00:00Z,,,,1970-02-17T00:00:00Z
http://www.wikidata.org/entity/Q4732784,Allison Lefcort,United States of America,2,1975-05-14T00:00:00Z,,,,
http://www.wikidata.org/entity/Q4749349,Amy Pleasant,United States of America,2,1972-01-01T00:00:00Z,http://www.wikidata.org/entity/Q79867,Birmingham,,
http://www.wikidata.org/entity/Q4726269,Alicia Leeke,United States of America,2,,http://www.wikidata.org/entity/Q1456,South Carolina,,
http://www.wikidata.org/entity/Q4733608,Alma Thomas,United States of America,5,1891-09-22T00:00:00Z,http://www.wikidata.org/entity/Q239870,Columbus,,1978-02-24T00:00:00Z
http://www.wikidata.org/entity/Q4726226,Alicia Austin,United States of America,3,1942-11-24T00:00:00Z,http://www.wikidata.org/entity/Q1154612,Providence,,
http://www.wikidata.org/entity/Q4727204,Alison Van Pelt,United States of America,2,1963-09-16T00:00:00Z,http://www.wikidata.org/entity/Q65,Los Angeles,,
http://www.wikidata.org/entity/Q4767611,Anna Whelan Betts,United States of America,5,1875-05-15T00:00:00Z,http://www.wikidata.org/entity/Q1345,Philadelphia,,1959-02-06T00:00:00Z
http://www.wikidata.org/entity/Q4766406,Ann Gale,United States of America,3,1966-01-01T00:00:00Z,,,,
http://www.wikidata.org/entity/Q4732522,"Allie May ""A.M."" Carpenter",United States of America,2,1887-01-04T00:00:00Z,,,,1978-07-01T00:00:00Z
http://www.wikidata.org/entity/Q4739611,Amanda Dunbar,United States of America,3,1982-01-01T00:00:00Z,http://www.wikidata.org/entity/Q34116,Thunder Bay,,
http://www.wikidata.org/entity/Q4725738,Alice Barber Stephens,United States of America,8,1858-07-01T00:00:00Z,http://www.wikidata.org/entity/Q1088317,Salem,,1932-07-13T00:00:00Z
http://www.wikidata.org/entity/Q4736943,Altoon Sultan,United States of America,1,1948-01-01T00:00:00Z,http://www.wikidata.org/entity/Q18419,Brooklyn,,
http://www.wikidata.org/entity/Q4763725,Angna Enters,United States of America,4,1897-04-18T00:00:00Z,http://www.wikidata.org/entity/Q60,New York City,,1989-02-25T00:00:00Z
http://www.wikidata.org/entity/Q4766924,Anna Claypoole Peale,United States of America,5,1791-03-06T00:00:00Z,http://www.wikidata.org/entity/Q1345,Philadelphia,,1878-12-25T00:00:00Z
http://www.wikidata.org/entity/Q4765527,Anita Endrezze,United States of America,1,1952-01-01T00:00:00Z,,,,
http://www.wikidata.org/entity/Q4739401,Amalia Mesa-Bains,United States of America,2,1943-07-10T00:00:00Z,http://www.wikidata.org/entity/Q159260,Santa Clara,,
http://www.wikidata.org/entity/Q4762430,Angela Dufresne,United States of America,3,1969-01-01T00:00:00Z,,,,
http://www.wikidata.org/entity/Q4766651,Ann Royer,United States of America,2,1933-01-01T00:00:00Z,,,,
http://www.wikidata.org/entity/Q4766329,Ann Collins,United States of America,3,1916-04-29T00:00:00Z,http://www.wikidata.org/entity/Q6709776,Lyons,,1999-01-06T00:00:00Z
http://www.wikidata.org/entity/Q4765584,Anita Miller Smith,United States of America,3,1893-10-20T00:00:00Z,http://www.wikidata.org/entity/Q7827075,Torresdale,,1968-01-01T00:00:00Z
http://www.wikidata.org/entity/Q4725759,Alice Brown Chittenden,United States of America,5,1859-10-14T00:00:00Z,http://www.wikidata.org/entity/Q3473405,Brockport,,1944-10-13T00:00:00Z
http://www.wikidata.org/entity/Q4720633,Alexandra Eldridge,United States of America,2,1948-08-08T00:00:00Z,http://www.wikidata.org/entity/Q1014338,Mountainside,,
http://www.wikidata.org/entity/Q4739754,Amanda Sage,United States of America,2,1978-04-19T00:00:00Z,,,,
http://www.wikidata.org/entity/Q4739397,Amalia Küssner Coudert,United States of America,2,1863-03-26T00:00:00Z,http://www.wikidata.org/entity/Q1007911,Greencastle,,1932-05-01T00:00:00Z
http://www.wikidata.org/entity/Q4725962,Alice Lok Cahana,United States of America,2,1929-01-01T00:00:00Z,http://www.wikidata.org/entity/Q1781,Budapest,,2017-11-28T00:00:00Z
http://www.wikidata.org/entity/Q4749124,Amy Brown,United States of America,4,1972-01-01T00:00:00Z,,,,
http://www.wikidata.org/entity/Q4742775,America Meredith,United States of America,3,1972-01-01T00:00:00Z,,,,
http://www.wikidata.org/entity/Q4726134,Alice Underwood Fitch,United States of America,3,1862-07-05T00:00:00Z,,,,1936-08-01T00:00:00Z
http://www.wikidata.org/entity/Q4767451,Anna S. Fisher,United States of America,3,1873-01-01T00:00:00Z,http://www.wikidata.org/entity/Q60,New York City,,1942-01-01T00:00:00Z
http://www.wikidata.org/entity/Q4763199,Angie Elizabeth Brooksby,United States of America,2,1965-01-18T00:00:00Z,http://www.wikidata.org/entity/Q178093,Poughkeepsie,,
http://www.wikidata.org/entity/Q4762120,Angel De Cora,United States of America,5,1871-05-03T00:00:00Z,http://www.wikidata.org/entity/Q2406599,Thurston,,1919-02-06T00:00:00Z
http://www.wikidata.org/entity/Q4749390,Amy Sol,United States of America,1,,http://www.wikidata.org/entity/Q884,South Korea,,
http://www.wikidata.org/entity/Q4896504,Bessie Wheeler,United States of America,4,1876-01-01T00:00:00Z,,,,
http://www.wikidata.org/entity/Q4898636,Bettina Werner,United States of America,3,1965-01-01T00:00:00Z,,,,
http://www.wikidata.org/entity/Q5043505,Carmen Lomas Garza,United States of America,1,1948-09-12T00:00:00Z,http://www.wikidata.org/entity/Q970495,Kingsville,,
http://www.wikidata.org/entity/Q4895502,Bertha Lum,United States of America,5,1869-01-01T00:00:00Z,http://www.wikidata.org/entity/Q1684337,Tipton,,1954-01-01T00:00:00Z
http://www.wikidata.org/entity/Q4924856,Blanche Grambs,United States of America,2,1916-01-01T00:00:00Z,http://www.wikidata.org/entity/Q956,Beijing,,2010-01-01T00:00:00Z
http://www.wikidata.org/entity/Q4896488,Bessie Pease Gutmann,United States of America,4,1876-04-08T00:00:00Z,http://www.wikidata.org/entity/Q1345,Philadelphia,,1960-09-29T00:00:00Z
http://www.wikidata.org/entity/Q4945678,Martha Edelheit,United States of America,3,1931-09-03T00:00:00Z,http://www.wikidata.org/entity/Q60,New York City,,
http://www.wikidata.org/entity/Q5044575,Carol Sutton,United States of America,2,1945-09-03T00:00:00Z,http://www.wikidata.org/entity/Q49231,Norfolk,,
http://www.wikidata.org/entity/Q5046272,Carrie Moyer,United States of America,2,1960-01-01T00:00:00Z,,,,
http://www.wikidata.org/entity/Q4918426,Bissan Rafe,United States of America,1,,,,,
http://www.wikidata.org/entity/Q4898925,Betty Merken,United States of America,2,,,,,
http://www.wikidata.org/entity/Q4898967,Betty Sabo,United States of America,2,1928-09-15T00:00:00Z,http://www.wikidata.org/entity/Q41819,Kansas City,,2016-05-10T00:00:00Z
http://www.wikidata.org/entity/Q4924866,Blanche Lazzell,United States of America,3,1878-10-10T00:00:00Z,http://www.wikidata.org/entity/Q488649,Monongalia County,,1956-07-01T00:00:00Z
http://www.wikidata.org/entity/Q4899315,Bev Doolittle,United States of America,2,1947-02-10T00:00:00Z,http://www.wikidata.org/entity/Q99,California,,
http://www.wikidata.org/entity/Q4949235,Victoria Fuller,United States of America,6,1970-12-11T00:00:00Z,http://www.wikidata.org/entity/Q159288,Santa Barbara,,
http://www.wikidata.org/entity/Q5044365,Carol Heifetz Neiman,United States of America,1,1937-01-03T00:00:00Z,http://www.wikidata.org/entity/Q1297,Chicago,,1990-03-03T00:00:00Z
http://www.wikidata.org/entity/Q5044270,Carol Brooks MacNeil,United States of America,3,1871-01-15T00:00:00Z,http://www.wikidata.org/entity/Q1297,Chicago,,1944-06-22T00:00:00Z
http://www.wikidata.org/entity/Q5045493,Carolyn Wyeth,United States of America,2,1909-01-01T00:00:00Z,,,,1994-01-01T00:00:00Z
http://www.wikidata.org/entity/Q5044543,Carol Schlosberg,United States of America,1,1957-06-14T00:00:00Z,http://www.wikidata.org/entity/Q49196,Newton,,1998-03-29T00:00:00Z
http://www.wikidata.org/entity/Q4942383,Bonnie Latham,United States of America,1,,,,,
http://www.wikidata.org/entity/Q5044669,Carole Caroompas,United States of America,1,1946-01-01T00:00:00Z,http://www.wikidata.org/entity/Q849596,Oregon City,,
http://www.wikidata.org/entity/Q5045313,Carolyn Brady,United States of America,3,1937-05-22T00:00:00Z,http://www.wikidata.org/entity/Q2794790,Chickasha,,2005-05-05T00:00:00Z
http://www.wikidata.org/entity/Q5045169,Caroline Mytinger,United States of America,2,1897-03-06T00:00:00Z,,,,1980-11-03T00:00:00Z
http://www.wikidata.org/entity/Q4895531,Bertha von Hillern,United States of America,2,1857-08-04T00:00:00Z,,,,1939-09-19T00:00:00Z
http://www.wikidata.org/entity/Q5044661,Carole Boller,United States of America,1,,,,,
http://www.wikidata.org/entity/Q4895416,Berta Rosenbaum Golahny,United States of America,2,1925-02-07T00:00:00Z,,,,2005-11-04T00:00:00Z
http://www.wikidata.org/entity/Q4944280,Miriam Davenport,United States of America,5,1915-06-06T00:00:00Z,http://www.wikidata.org/entity/Q100,Boston,,1999-09-13T00:00:00Z
http://www.wikidata.org/entity/Q5044261,Carol Bove,United States of America,3,1971-01-01T00:00:00Z,,,,
http://www.wikidata.org/entity/Q4898291,Betsy Graves Reyneau,United States of America,4,1888-06-06T00:00:00Z,http://www.wikidata.org/entity/Q1558,Kansas,,1964-10-18T00:00:00Z
http://www.wikidata.org/entity/Q5216224,Dani Daniels,United States of America,31,1989-09-23T00:00:00Z,http://www.wikidata.org/entity/Q491350,Orange,,
http://www.wikidata.org/entity/Q4137212,Rimma Gerlovina,United States of America,1,1951-02-21T00:00:00Z,http://www.wikidata.org/entity/Q649,Moscow,,
http://www.wikidata.org/entity/Q5242484,Dawn Okoro,United States of America,2,1980-01-01T00:00:00Z,http://www.wikidata.org/entity/Q16555,Houston,,
http://www.wikidata.org/entity/Q5074676,Charlene Teters,United States of America,3,1952-01-01T00:00:00Z,http://www.wikidata.org/entity/Q491709,Spokane people,,
http://www.wikidata.org/entity/Q5169401,Cora Kelley Ward,United States of America,2,1920-01-01T00:00:00Z,http://www.wikidata.org/entity/Q1153939,Eunice,,1989-01-01T00:00:00Z
http://www.wikidata.org/entity/Q4280242,Q4280242,Soviet Union,1,1966-01-01T00:00:00Z,http://www.wikidata.org/entity/Q649,Moscow,,
http://www.wikidata.org/entity/Q4149352,Marta Grigorieva,Russia,3,,http://www.wikidata.org/entity/Q159,Russia,,
http://www.wikidata.org/entity/Q5214826,Dana Schutz,United States of America,2,1976-01-01T00:00:00Z,http://www.wikidata.org/entity/Q853552,Livonia,,
http://www.wikidata.org/entity/Q5171169,Cornelia MacIntyre Foley,United States of America,3,1909-01-31T00:00:00Z,http://www.wikidata.org/entity/Q18094,Honolulu,,2010-01-18T00:00:00Z
http://www.wikidata.org/entity/Q4149352,Marta Grigorieva,United States of America,3,,http://www.wikidata.org/entity/Q159,Russia,,
http://www.wikidata.org/entity/Q4137625,Eugenie Gershoy,United States of America,4,1901-01-01T00:00:00Z,http://www.wikidata.org/entity/Q157137,Kryvyi Rih,,1986-05-08T00:00:00Z
http://www.wikidata.org/entity/Q4093910,Irina Borisova,United States of America,1,1952-11-30T00:00:00Z,http://www.wikidata.org/entity/Q42308,Kharkiv,,
http://www.wikidata.org/entity/Q5214725,Dana Frankfort,United States of America,2,1971-01-01T00:00:00Z,http://www.wikidata.org/entity/Q16555,Houston,,
http://www.wikidata.org/entity/Q5056438,Cecilia Lueza,Argentina,4,1971-01-01T00:00:00Z,http://www.wikidata.org/entity/Q44238,Posadas,,
http://www.wikidata.org/entity/Q5224035,Darlyne Chauve,United States of America,1,,,,,
http://www.wikidata.org/entity/Q4681883,Adele Goodman Clark,United States of America,3,1882-09-27T00:00:00Z,http://www.wikidata.org/entity/Q29364,Montgomery,,1983-06-04T00:00:00Z
http://www.wikidata.org/entity/Q5208914,Dahlov Ipcar,United States of America,2,1917-11-12T00:00:00Z,http://www.wikidata.org/entity/Q1939361,Windsor,,2017-02-10T00:00:00Z
http://www.wikidata.org/entity/Q5056408,Cecilia Alvarez,United States of America,4,1950-04-15T00:00:00Z,http://www.wikidata.org/entity/Q16552,San Diego,,
http://www.wikidata.org/entity/Q5120615,Cindy Wright,United States of America,3,1972-01-01T00:00:00Z,,,,
http://www.wikidata.org/entity/Q5214774,Dana Levin,United States of America,1,1969-06-26T00:00:00Z,http://www.wikidata.org/entity/Q88,Alexandria,,
http://www.wikidata.org/entity/Q5085955,Charlotte Gilbertson,United States of America,4,1922-11-11T00:00:00Z,http://www.wikidata.org/entity/Q100,Boston,,2014-04-12T00:00:00Z
http://www.wikidata.org/entity/Q5125198,Claire Falkenstein,United States of America,5,1908-07-22T00:00:00Z,http://www.wikidata.org/entity/Q913266,Coos Bay,,1997-10-23T00:00:00Z
http://www.wikidata.org/entity/Q4681137,Addie L. Ballou,United States of America,7,1837-04-19T00:00:00Z,http://www.wikidata.org/entity/Q534836,Chagrin Falls,,1916-08-10T00:00:00Z
http://www.wikidata.org/entity/Q4099835,Nina Bouroff,Russian Empire,1,1894-02-11T00:00:00Z,http://www.wikidata.org/entity/Q216,Vilnius,,1998-12-15T00:00:00Z
http://www.wikidata.org/entity/Q4340743,Maricela Ochoa,United States of America,2,1963-04-09T00:00:00Z,http://www.wikidata.org/entity/Q135744,Galveston,,2011-10-10T00:00:00Z
http://www.wikidata.org/entity/Q4502477,Rhea Seehorn,United States of America,19,1972-05-12T00:00:00Z,http://www.wikidata.org/entity/Q49259,Virginia Beach,,
http://www.wikidata.org/entity/Q4280242,Q4280242,United States of America,1,1966-01-01T00:00:00Z,http://www.wikidata.org/entity/Q649,Moscow,,
http://www.wikidata.org/entity/Q5219363,Danielle Eubank,United States of America,2,1968-01-01T00:00:00Z,http://www.wikidata.org/entity/Q1066807,Northern California,,
http://www.wikidata.org/entity/Q4647109,A.D. Maddox,United States of America,1,,,,,
http://www.wikidata.org/entity/Q5053401,Cathy Cooper,United States of America,2,1960-11-06T00:00:00Z,,,,
http://www.wikidata.org/entity/Q5147115,Collette Pope Heldner,United States of America,2,1902-01-01T00:00:00Z,,,,1990-01-01T00:00:00Z
http://www.wikidata.org/entity/Q5056438,Cecilia Lueza,United States of America,4,1971-01-01T00:00:00Z,http://www.wikidata.org/entity/Q44238,Posadas,,
http://www.wikidata.org/entity/Q5126065,Clara Weaver Parrish,United States of America,4,1861-03-16T00:00:00Z,http://www.wikidata.org/entity/Q79941,Selma,,1925-11-11T00:00:00Z
http://www.wikidata.org/entity/Q5169390,Cora Cohen,United States of America,3,1943-10-19T00:00:00Z,http://www.wikidata.org/entity/Q60,New York City,,
http://www.wikidata.org/entity/Q4496069,Rachel Harrison,United States of America,3,1966-01-01T00:00:00Z,http://www.wikidata.org/entity/Q60,New York City,,
http://www.wikidata.org/entity/Q5126009,Clara Ledesma,Dominican Republic,6,1924-01-01T00:00:00Z,http://www.wikidata.org/entity/Q42763,Santiago de los Caballeros,,1999-01-01T00:00:00Z
http://www.wikidata.org/entity/Q5169938,Cordelia Wilson,United States of America,4,1873-11-28T00:00:00Z,,,,1953-06-07T00:00:00Z
http://www.wikidata.org/entity/Q5125980,Clara Elsene Peck,United States of America,4,1883-04-18T00:00:00Z,http://www.wikidata.org/entity/Q2733200,Allegan,,1968-02-01T00:00:00Z
http://www.wikidata.org/entity/Q4193331,Q4193331,United States of America,1,1961-09-19T00:00:00Z,http://www.wikidata.org/entity/Q649,Moscow,,
http://www.wikidata.org/entity/Q4664475,Abby Leigh,United States of America,1,1948-06-26T00:00:00Z,,,,
http://www.wikidata.org/entity/Q5200033,Cynthia Cooley,United States of America,3,1931-07-17T00:00:00Z,,,,
http://www.wikidata.org/entity/Q4275592,Gia McGinley,United States of America,2,1972-06-15T00:00:00Z,,,,2011-09-30T00:00:00Z
http://www.wikidata.org/entity/Q5146236,Colleen Browning,United States of America,3,1918-05-16T00:00:00Z,http://www.wikidata.org/entity/Q593890,Shoeburyness,,2003-08-22T00:00:00Z
http://www.wikidata.org/entity/Q4099835,Nina Bouroff,United States of America,1,1894-02-11T00:00:00Z,http://www.wikidata.org/entity/Q216,Vilnius,,1998-12-15T00:00:00Z
http://www.wikidata.org/entity/Q5171146,Cornelia Adele Strong Fassett,United States of America,3,1831-01-01T00:00:00Z,http://www.wikidata.org/entity/Q1384,New York,,1898-01-01T00:00:00Z
http://www.wikidata.org/entity/Q4590620,Jill Emery,United States of America,4,1962-01-01T00:00:00Z,,,,
http://www.wikidata.org/entity/Q5125306,Claire Sherman,United States of America,3,1981-01-01T00:00:00Z,http://www.wikidata.org/entity/Q988384,Oberlin,,
http://www.wikidata.org/entity/Q5126009,Clara Ledesma,United States of America,6,1924-01-01T00:00:00Z,http://www.wikidata.org/entity/Q42763,Santiago de los Caballeros,,1999-01-01T00:00:00Z
http://www.wikidata.org/entity/Q4681893,Adele Morales,United States of America,3,1925-06-12T00:00:00Z,http://www.wikidata.org/entity/Q60,New York City,,2015-11-22T00:00:00Z
http://www.wikidata.org/entity/Q4445403,Vera de Bosset,United States of America,7,1889-01-06T00:00:00Z,http://www.wikidata.org/entity/Q656,Saint Petersburg,,1982-09-17T00:00:00Z
http://www.wikidata.org/entity/Q4251155,Carrie Ann Baade,United States of America,5,1974-02-18T00:00:00Z,http://www.wikidata.org/entity/Q34404,New Orleans,,
http://www.wikidata.org/entity/Q4132681,Ellen Gallagher,United States of America,6,1965-01-01T00:00:00Z,http://www.wikidata.org/entity/Q18383,Providence,,
http://www.wikidata.org/entity/Q4664057,Abbey Ryan,United States of America,4,1979-01-01T00:00:00Z,,,,
http://www.wikidata.org/entity/Q5200138,Cynthia Ona Innis,United States of America,1,1969-01-01T00:00:00Z,http://www.wikidata.org/entity/Q16552,San Diego,,
http://www.wikidata.org/entity/Q5210504,Dale Kennington,United States of America,2,1935-01-01T00:00:00Z,http://www.wikidata.org/entity/Q83813,Savannah,,2017-05-02T00:00:00Z
http://www.wikidata.org/entity/Q5110709,Christie Repasy,United States of America,1,1958-12-19T00:00:00Z,http://www.wikidata.org/entity/Q774998,Maywood,,
http://www.wikidata.org/entity/Q4415659,Jaune Quick–to–See Smith,United States of America,4,1940-01-01T00:00:00Z,http://www.wikidata.org/entity/Q1755154,Coast Salish peoples,,
http://www.wikidata.org/entity/Q4093910,Irina Borisova,Ukraine,1,1952-11-30T00:00:00Z,http://www.wikidata.org/entity/Q42308,Kharkiv,,
http://www.wikidata.org/entity/Q4236417,Adelaide Cole Chase,United States of America,5,1868-01-01T00:00:00Z,http://www.wikidata.org/entity/Q100,Boston,,1944-01-01T00:00:00Z
http://www.wikidata.org/entity/Q4137625,Eugenie Gershoy,Russian Empire,4,1901-01-01T00:00:00Z,http://www.wikidata.org/entity/Q157137,Kryvyi Rih,,1986-05-08T00:00:00Z
http://www.wikidata.org/entity/Q5085832,Charlotte Armstrong,United States of America,2,1924-06-17T00:00:00Z,http://www.wikidata.org/entity/Q16557,Dallas,,2008-11-24T00:00:00Z
http://www.wikidata.org/entity/Q4093910,Irina Borisova,Soviet Union,1,1952-11-30T00:00:00Z,http://www.wikidata.org/entity/Q42308,Kharkiv,,
http://www.wikidata.org/entity/Q4693071,Agnes Lawrence Pelton,United States of America,4,1881-08-22T00:00:00Z,http://www.wikidata.org/entity/Q1022,Stuttgart,,1961-03-13T00:00:00Z
http://www.wikidata.org/entity/Q5052943,Catherine Tharp Altvater,United States of America,7,1907-07-26T00:00:00Z,http://www.wikidata.org/entity/Q33405,Little Rock,,1984-10-09T00:00:00Z
http://www.wikidata.org/entity/Q5052974,Catherine Wiley,United States of America,3,1879-01-18T00:00:00Z,http://www.wikidata.org/entity/Q2565542,Rocky Top,,1958-05-16T00:00:00Z
http://www.wikidata.org/entity/Q5338531,Edith Dimock,United States of America,4,1876-02-16T00:00:00Z,http://www.wikidata.org/entity/Q33486,Hartford,,1955-10-28T00:00:00Z
http://www.wikidata.org/entity/Q5254179,Dellamarie Parrilli,United States of America,1,1949-01-01T00:00:00Z,,,,
http://www.wikidata.org/entity/Q5248323,Deborah Martin,United States of America,3,1961-06-09T00:00:00Z,http://www.wikidata.org/entity/Q100,Boston,,
http://www.wikidata.org/entity/Q5297959,Doris Marie Leeper,United States of America,2,1929-04-04T00:00:00Z,http://www.wikidata.org/entity/Q16565,Charlotte,,2000-04-11T00:00:00Z
http://www.wikidata.org/entity/Q5284845,Dixie Friend Gay,United States of America,1,,,,,
http://www.wikidata.org/entity/Q5271458,Diane Gamboa,United States of America,2,1957-01-01T00:00:00Z,http://www.wikidata.org/entity/Q65,Los Angeles,,
http://www.wikidata.org/entity/Q5297768,Dorian Allworthy,United States of America,2,,http://www.wikidata.org/entity/Q1400,Pennsylvania,,
http://www.wikidata.org/entity/Q5297999,Doris Totten Chase,United States of America,3,1923-04-29T00:00:00Z,,,,2008-12-13T00:00:00Z
http://www.wikidata.org/entity/Q5284816,Dixie Browning,United States of America,4,1930-09-09T00:00:00Z,http://www.wikidata.org/entity/Q1454,North Carolina,,
http://www.wikidata.org/entity/Q5298315,Dorothy Block,United States of America,3,1904-01-01T00:00:00Z,http://www.wikidata.org/entity/Q18419,Brooklyn,,1984-01-01T00:00:00Z
http://www.wikidata.org/entity/Q5298659,Dorothy Van,United States of America,3,1928-01-10T00:00:00Z,http://www.wikidata.org/entity/Q1204,Illinois,,2002-05-16T00:00:00Z
http://www.wikidata.org/entity/Q5298723,Dorr Bothwell,United States of America,2,1902-05-03T00:00:00Z,http://www.wikidata.org/entity/Q62,San Francisco,,2000-09-24T00:00:00Z
http://www.wikidata.org/entity/Q5297921,Doris Downes,United States of America,2,1961-01-01T00:00:00Z,,,,
http://www.wikidata.org/entity/Q5338642,Edith Pfau,United States of America,2,1915-07-15T00:00:00Z,http://www.wikidata.org/entity/Q941441,Jasper,,2001-12-14T00:00:00Z
http://www.wikidata.org/entity/Q5313287,Dulah Marie Evans,United States of America,3,1875-02-17T00:00:00Z,http://www.wikidata.org/entity/Q984370,Oskaloosa,,1951-07-24T00:00:00Z
http://www.wikidata.org/entity/Q5321797,E. Charlton Fortune,United States of America,3,1885-01-01T00:00:00Z,http://www.wikidata.org/entity/Q828729,Sausalito,,1969-05-15T00:00:00Z
http://www.wikidata.org/entity/Q5253863,Delia Brown,United States of America,3,1969-01-01T00:00:00Z,,,,
http://www.wikidata.org/entity/Q5271467,Diane Gilman,United States of America,3,1945-01-01T00:00:00Z,,,,1998-01-01T00:00:00Z
http://www.wikidata.org/entity/Q5298648,Dorothy Stratton King,United States of America,2,1909-01-01T00:00:00Z,http://www.wikidata.org/entity/Q49179,Worcester,,2007-06-14T00:00:00Z
http://www.wikidata.org/entity/Q5271409,Diane Burko,United States of America,2,1945-01-01T00:00:00Z,http://www.wikidata.org/entity/Q60,New York City,,
http://www.wikidata.org/entity/Q5298644,Dorothy Stokes Bostwick,United States of America,1,1899-03-26T00:00:00Z,http://www.wikidata.org/entity/Q11299,Manhattan,,2001-02-16T00:00:00Z
http://www.wikidata.org/entity/Q5248361,Deborah Remington,United States of America,3,1930-06-25T00:00:00Z,http://www.wikidata.org/entity/Q1089224,Haddonfield,,2010-04-21T00:00:00Z
http://www.wikidata.org/entity/Q5338560,Edith Hamlin,United States of America,3,1902-01-01T00:00:00Z,http://www.wikidata.org/entity/Q17042,Oakland,,1992-01-01T00:00:00Z
http://www.wikidata.org/entity/Q5298640,Dorothy Stewart,United States of America,3,1891-01-01T00:00:00Z,,,,1955-01-01T00:00:00Z
http://www.wikidata.org/entity/Q5248370,Deborah Rubin,United States of America,2,1948-04-17T00:00:00Z,,,,
http://www.wikidata.org/entity/Q5248288,Deborah Kass,United States of America,2,1952-01-01T00:00:00Z,,,,
http://www.wikidata.org/entity/Q5335635,Eda Nemoede Casterton,United States of America,3,1877-04-14T00:00:00Z,http://www.wikidata.org/entity/Q917222,Brillion,,1969-11-15T00:00:00Z
http://www.wikidata.org/entity/Q5332698,Echo Eggebrecht,United States of America,2,1977-01-01T00:00:00Z,http://www.wikidata.org/entity/Q327012,Bangor,,
http://www.wikidata.org/entity/Q5299500,Dottie Attie,United States of America,3,1938-03-20T00:00:00Z,,,,
http://www.wikidata.org/entity/Q5248189,Deborah Buck,United States of America,1,,,,,
http://www.wikidata.org/entity/Q5401258,Esther Newport,United States of America,1,1901-05-17T00:00:00Z,http://www.wikidata.org/entity/Q541209,Clinton,,1986-07-09T00:00:00Z
http://www.wikidata.org/entity/Q5361651,Elise Cavanna,United States of America,1,1902-01-30T00:00:00Z,http://www.wikidata.org/entity/Q1400,Pennsylvania,,1963-05-12T00:00:00Z